{
  "ckpt": "/home/yusun/work/ckpts/bug4_v2_full_30k/ckpt_with_ftheta_v2.pt",
  "ftheta_resolution": [
    1920,
    1080
  ],
  "ftheta_principal_point": [
    960.3153686523438,
    545.427490234375
  ],
  "ftheta_max_angle_rad": 1.2205087459196347,
  "ftheta_angle_to_pixeldist_poly": [
    0.0,
    927.5706787109375,
    5.75466251373291,
    -37.59929656982422,
    24.825389862060547,
    -8.416096687316895
  ],
  "cuboid_tid": "41",
  "cuboid_class": "automobile",
  "cuboid_pose_translation": [
    -72.33033752441406,
    4.752518177032471,
    1.549286961555481
  ],
  "cuboid_size": [
    4.090442180633545,
    1.871651530265808,
    1.6130839586257935
  ],
  "ego_pose_translation": [
    2.165022850036621,
    0.027600260451436043,
    1.4413795471191406
  ],
  "candidates": {
    "A: c2w @ diag([1,-1,-1,1]) + poly ascending (mirror inverse)": {
      "uv": [
        [
          919.0586281356508,
          521.1045501898249
        ],
        [
          916.4663445736837,
          520.6598477576007
        ],
        [
          896.4571304547636,
          521.3964743858295
        ],
        [
          892.5995734466906,
          520.9702686204299
        ],
        [
          919.297612313097,
          540.6375179277012
        ],
        [
          916.7191809690172,
          541.293562195633
        ],
        [
          896.6986410415526,
          540.9095292311524
        ],
        [
          892.8552334161548,
          541.5804449167657
        ],
        [
          919.0586281356508,
          521.1045501898249
        ],
        [
          896.4571304547636,
          521.3964743858295
        ],
        [
          916.4663445736837,
          520.6598477576007
        ],
        [
          892.5995734466906,
          520.9702686204299
        ],
        [
          919.297612313097,
          540.6375179277012
        ],
        [
          896.6986410415526,
          540.9095292311524
        ],
        [
          916.7191809690172,
          541.293562195633
        ],
        [
          892.8552334161548,
          541.5804449167657
        ],
        [
          919.0586281356508,
          521.1045501898249
        ],
        [
          919.297612313097,
          540.6375179277012
        ],
        [
          916.4663445736837,
          520.6598477576007
        ],
        [
          916.7191809690172,
          541.293562195633
        ],
        [
          896.4571304547636,
          521.3964743858295
        ],
        [
          896.6986410415526,
          540.9095292311524
        ],
        [
          892.5995734466906,
          520.9702686204299
        ],
        [
          892.8552334161548,
          541.5804449167657
        ]
      ],
      "visible": [
        1,
        1,
        1,
        1,
        1,
        1,
        1,
        1,
        1,
        1,
        1,
        1,
        1,
        1,
        1,
        1,
        1,
        1,
        1,
        1,
        1,
        1,
        1,
        1
      ],
      "v_bottom_mean": 521.0327852384213,
      "v_top_mean": 541.105263567813,
      "delta_v_bottom_minus_top": -20.072478329391743,
      "z_min": 72.44566288939949,
      "z_max": 76.57379863251317,
      "angle_min_deg": 2.5503672210479613,
      "angle_max_deg": 4.446132149958496,
      "max_angle_deg": 69.93,
      "n_in_fov": 24,
      "n_z_pos": 24,
      "n_in_bound": 24,
      "n_visible": 24,
      "resolution_WH": [
        1920,
        1080
      ]
    },
    "B: identity (assume c2w already OpenCV) + poly ascending": {
      "uv": [
        [
          -507.7872292652919,
          1410.9483971502
        ],
        [
          -525.9316116773753,
          1384.9178691982845
        ],
        [
          -655.0323875350514,
          1153.3122146726823
        ],
        [
          -666.635179863358,
          1133.0406165239438
        ],
        [
          -725.1513797510486,
          742.2529572808764
        ],
        [
          -731.8022734584949,
          705.879422783682
        ],
        [
          -756.663963656647,
          667.3646906853347
        ],
        [
          -762.1433074965862,
          643.6540437634227
        ],
        [
          -507.7872292652919,
          1410.9483971502
        ],
        [
          -655.0323875350514,
          1153.3122146726823
        ],
        [
          -525.9316116773753,
          1384.9178691982845
        ],
        [
          -666.635179863358,
          1133.0406165239438
        ],
        [
          -725.1513797510486,
          742.2529572808764
        ],
        [
          -756.663963656647,
          667.3646906853347
        ],
        [
          -731.8022734584949,
          705.879422783682
        ],
        [
          -762.1433074965862,
          643.6540437634227
        ],
        [
          -507.7872292652919,
          1410.9483971502
        ],
        [
          -725.1513797510486,
          742.2529572808764
        ],
        [
          -525.9316116773753,
          1384.9178691982845
        ],
        [
          -731.8022734584949,
          705.879422783682
        ],
        [
          -655.0323875350514,
          1153.3122146726823
        ],
        [
          -756.663963656647,
          667.3646906853347
        ],
        [
          -666.635179863358,
          1133.0406165239438
        ],
        [
          -762.1433074965862,
          643.6540437634227
        ]
      ],
      "visible": [
        0,
        0,
        0,
        0,
        0,
        0,
        0,
        0,
        0,
        0,
        0,
        0,
        0,
        0,
        0,
        0,
        0,
        0,
        0,
        0,
        0,
        0,
        0,
        0
      ],
      "v_bottom_mean": 1270.5547743862776,
      "v_top_mean": 689.7877786283289,
      "delta_v_bottom_minus_top": 580.7669957579487,
      "z_min": -76.57379863251317,
      "z_max": -72.44566288939949,
      "angle_min_deg": 175.5538678500415,
      "angle_max_deg": 177.44963277895204,
      "max_angle_deg": 69.93,
      "n_in_fov": 0,
      "n_z_pos": 0,
      "n_in_bound": 0,
      "n_visible": 0,
      "resolution_WH": [
        1920,
        1080
      ]
    },