{
  "camera_front_wide_120fov": {
    "resolution": [1920, 1080],
    "shutter_type": "ROLLING_TOP_TO_BOTTOM",
    "principal_point": [960.8599853515625, 540.1849975585938],
    "reference_poly": "PIXELDIST_TO_ANGLE",
    "pixeldist_to_angle_poly": [6.367117548595968e-7, 0.001049480015842868, 2.0571298206368126e-10, 3.680993141629827e-11, -9.547756183539027e-15, 1.9932611263013107e-17],
    "angle_to_pixeldist_poly": [-0.001519905334346718, 952.9059303796689, -0.8770729418037165, -26.801202342194042, -0.2757423749740959, -5.802275671523522],
    "max_angle": 0.7303101158645611,
    "linear_cde": [1.0, 0.0, 0.0]
  },
  "camera_cross_left_120fov": {
    "resolution": [1920, 1080],
    "shutter_type": "ROLLING_TOP_TO_BOTTOM",
    "principal_point": [959.9949951171875, 539.344970703125],
    "reference_poly": "PIXELDIST_TO_ANGLE",
    "pixeldist_to_angle_poly": [2.0551686400539513e-6, 0.001046626423204337, 1.1947708518638185e-9, 3.9924084143910817e-11, -1.9405137677999885e-14, 2.723449450158295e-17],
    "angle_to_pixeldist_poly": [-0.003155988368623327, 955.5194038547731, -1.936051246053329, -28.80395692210492, 6.056643672105761, -10.432737437991474],
    "max_angle": 0.7303101158645611,
    "linear_cde": [1.0, 0.0, 0.0]
  },
  "camera_cross_right_120fov": {
    "resolution": [1920, 1080],
    "shutter_type": "ROLLING_TOP_TO_BOTTOM",
    "principal_point": [959.75, 539.2650146484375],
    "reference_poly": "PIXELDIST_TO_ANGLE",
    "pixeldist_to_angle_poly": [3.997174305211477e-6, 0.0010512764632046965, 3.5607791100328917e-9, 2.8724035123885672e-11, -1.5373906589626864e-15, 1.8901388847971803e-17],
    "angle_to_pixeldist_poly": [-0.004888599394013967, 951.2875592706605, -3.8944394830100495, -19.256655052739085, -8.014853735499928, -3.722641802911378],
    "max_angle": 0.7303101158645611,
    "linear_cde": [1.0, 0.0, 0.0]
  },
  "camera_left_wide_90fov": {
    "resolution": [1920, 1080],
    "shutter_type": "ROLLING_TOP_TO_BOTTOM",
    "principal_point": [959.9320068359375, 541.343017578125],
    "reference_poly": "PIXELDIST_TO_ANGLE",
    "pixeldist_to_angle_poly": [-4.7308077853774085e-6, 0.0009835678651517893, -4.010296732268661e-9, 7.731999559884077e-11, -4.471074235595082e-14, 5.335241197208648e-17],
    "angle_to_pixeldist_poly": [0.0011538209914355795, 1016.9291968435427, 1.1729470476752717, -66.80237167289425, 12.607625180507048, -17.082741993740925],
    "max_angle": 0.7082748968514062,
    "linear_cde": [1.0, 0.0, 0.0]
  },
  "camera_right_wide_90fov": {
    "resolution": [1920, 1080],
    "shutter_type": "ROLLING_TOP_TO_BOTTOM",
    "principal_point": [959.7670288085938, 538.9010009765625],
    "reference_poly": "PIXELDIST_TO_ANGLE",
    "pixeldist_to_angle_poly": [-4.495692949006135e-6, 0.0009854427549005845, -3.7359246991481896e-9, 7.710604596515717e-11, -4.22819848421745e-14, 5.233055983055844e-17],
    "angle_to_pixeldist_poly": [0.0009768611571661138, 1014.9907724076783, 0.9123535662132347, -66.16657573437877, 9.902735448807473, -15.167295820913617],
    "max_angle": 0.7082748968514062,
    "linear_cde": [1.0, 0.0, 0.0]
  },
  "camera_back_rear_wide_90fov": {
    "resolution": [1920, 1080],
    "shutter_type": "ROLLING_TOP_TO_BOTTOM",
    "principal_point": [959.8250122070312, 539.8049926757812],
    "reference_poly": "PIXELDIST_TO_ANGLE",
    "pixeldist_to_angle_poly": [1.769743100269284e-6, 0.0010491144660041002, 1.2600598246316e-9, 3.4365459672709825e-11, -5.814843153897616e-15, 1.8700127888590974e-17],
    "angle_to_pixeldist_poly": [-0.00264650059503994, 953.2405085887739, -1.8243358957727487, -24.633727957963526, -3.6013028991268277, -4.4598472949876395],
    "max_angle": 0.7303101158645611,
    "linear_cde": [1.0, 0.0, 0.0]
  },
  "camera_rear_left_70fov": {
    "resolution": [1920, 1080],
    "shutter_type": "ROLLING_TOP_TO_BOTTOM",
    "principal_point": [960.3049926757812, 539.260009765625],
    "reference_poly": "PIXELDIST_TO_ANGLE",
    "pixeldist_to_angle_poly": [2.639883405447925e-6, 0.0010473225790599533, 2.1120459401027206e-9, 3.1685071234290114e-11, -5.221255012052312e-15, 1.890702305527052e-17],
    "angle_to_pixeldist_poly": [-0.0035161998831365238, 954.8733613180462, -2.5975120477027867, -22.464922628039226, -4.2479683609103995, -4.785162869621393],
    "max_angle": 0.7303101158645611,
    "linear_cde": [1.0, 0.0, 0.0]
  }
}
