{
  "camera_front_wide_120fov": {
    "resolution": [
      1920,
      1080
    ],
    "shutter_type": "ROLLING_TOP_TO_BOTTOM",
    "principal_point": [
      960.8599853515625,
      540.1849975585938
    ],
    "reference_poly": "PIXELDIST_TO_ANGLE",
    "pixeldist_to_angle_poly": [
      0.0004962630125145489,
      0.0010322095837033806,
      1.335789735856912e-07,
      -3.477228825069042e-10,
      4.529213013810788e-13,
      -1.765349995486476e-16
    ],
    "angle_to_pixeldist_poly": [
      -0.37665982903612305,
      964.921441168841,
      -86.42244807133802,
      201.12226823434327,
      -254.34445535631386,
      94.63076238276565
    ],
    "max_angle": 1.2087891572930667,
    "linear_cde": [
      1.0,
      0.0,
      0.0
    ]
  },
  "camera_cross_left_120fov": {
    "resolution": [
      1920,
      1080
    ],
    "shutter_type": "ROLLING_TOP_TO_BOTTOM",
    "principal_point": [
      959.9949951171875,
      539.344970703125
    ],
    "reference_poly": "PIXELDIST_TO_ANGLE",
    "pixeldist_to_angle_poly": [
      0.0003970543209187248,
      0.001032833814169027,
      1.0806046373061248e-07,
      -2.6975820266487324e-10,
      3.5586456859595303e-13,
      -1.3391855518162095e-16
    ],
    "angle_to_pixeldist_poly": [
      -0.30516075255246866,
      965.2559447473391,
      -71.86396814464635,
      159.73219523532242,
      -207.48579787205887,
      75.78055594593579
    ],
    "max_angle": 1.2087891572930667,
    "linear_cde": [
      1.0,
      0.0,
      0.0
    ]
  },
  "camera_cross_right_120fov": {
    "resolution": [
      1920,
      1080
    ],
    "shutter_type": "ROLLING_TOP_TO_BOTTOM",
    "principal_point": [
      959.75,
      539.2650146484375
    ],
    "reference_poly": "PIXELDIST_TO_ANGLE",
    "pixeldist_to_angle_poly": [
      0.0006046380377968727,
      0.0010303012771787255,
      1.659309434353167e-07,
      -4.407269695506863e-10,
      5.64983555456882e-13,
      -2.2278166772603507e-16
    ],
    "angle_to_pixeldist_poly": [
      -0.45086713823267427,
      965.5505793730683,
      -105.29835755480335,
      250.61782845847912,
      -308.6470025214873,
      115.1164609834858
    ],
    "max_angle": 1.2119370457235172,
    "linear_cde": [
      1.0,
      0.0,
      0.0
    ]
  },
  "camera_left_wide_90fov": {
    "resolution": [
      1920,
      1080
    ],
    "shutter_type": "ROLLING_TOP_TO_BOTTOM",
    "principal_point": [
      959.9320068359375,
      541.343017578125
    ],
    "reference_poly": "PIXELDIST_TO_ANGLE",
    "pixeldist_to_angle_poly": [
      -0.0006477347351172941,
      0.0010068430807331225,
      -1.906369447401141e-07,
      6.362867171075059e-10,
      -7.438113246419065e-13,
      3.6267727634424453e-16
    ],
    "angle_to_pixeldist_poly": [
      0.4113937324135198,
      1003.4287979372777,
      99.43850559490805,
      -332.4349009201716,
      310.15398866615124,
      -133.88222241974677
    ],
    "max_angle": 1.1112046159490951,
    "linear_cde": [
      1.0,
      0.0,
      0.0
    ]
  },
  "camera_right_wide_90fov": {
    "resolution": [
      1920,
      1080
    ],
    "shutter_type": "ROLLING_TOP_TO_BOTTOM",
    "principal_point": [
      959.7670288085938,
      538.9010009765625
    ],
    "reference_poly": "PIXELDIST_TO_ANGLE",
    "pixeldist_to_angle_poly": [
      -0.0007768429336661426,
      0.0010140366322455904,
      -2.3810185591757134e-07,
      7.940701750411551e-10,
      -9.571311644686128e-13,
      4.646683327046876e-16
    ],
    "angle_to_pixeldist_poly": [
      0.5075586555609383,
      997.7639348271333,
      130.6806306610768,
      -429.99096921246183,
      433.70593317165225,
      -188.72965311409524
    ],
    "max_angle": 1.0891693969359402,
    "linear_cde": [
      1.0,
      0.0,
      0.0
    ]
  },
  "camera_back_rear_wide_90fov": {
    "resolution": [
      1920,
      1080
    ],
    "shutter_type": "ROLLING_TOP_TO_BOTTOM",
    "principal_point": [
      959.8250122070312,
      539.8049926757812
    ],
    "reference_poly": "PIXELDIST_TO_ANGLE",
    "pixeldist_to_angle_poly": [
      0.00035004398166874214,
      0.0010369883835867426,
      9.493819787418874e-08,
      -2.3628462250013804e-10,
      3.211583889341932e-13,
      -1.212911656923306e-16
    ],
    "angle_to_pixeldist_poly": [
      -0.26507912551998786,
      961.6389722607381,
      -61.68144003509971,
      135.45782016667124,
      -183.4159543169176,
      67.51759361164085
    ],
    "max_angle": 1.2119370457235172,
    "linear_cde": [
      1.0,
      0.0,
      0.0
    ]
  },
  "camera_rear_left_70fov": {
    "resolution": [
      1920,
      1080
    ],
    "shutter_type": "ROLLING_TOP_TO_BOTTOM",
    "principal_point": [
      960.3049926757812,
      539.260009765625
    ],
    "reference_poly": "PIXELDIST_TO_ANGLE",
    "pixeldist_to_angle_poly": [
      0.0004356758539675837,
      0.001032292379573983,
      1.1773709985334283e-07,
      -3.0045846660542724e-10,
      3.9294661451723247e-13,
      -1.498203970301404e-16
    ],
    "angle_to_pixeldist_poly": [
      -0.3339211746029097,
      965.4357357325222,
      -77.67628044190894,
      177.36795420216978,
      -226.99193706658008,
      83.39057478611905
    ],
    "max_angle": 1.2087891572930667,
    "linear_cde": [
      1.0,
      0.0,
      0.0
    ]
  }
}
